epoch,lr-Adam,step,train/geodesic_deg,train/geodesic_femur_deg,train/geodesic_tibia_deg,train/loss,val/geodesic_deg,val/geodesic_femur_deg,val/geodesic_tibia_deg,val/loss
,0.0001,0,,,,,,,,
0,,9,30.8079776763916,34.366661071777344,27.249292373657227,0.5377006530761719,,,,
0,,12,,,,,56.1315803527832,75.33599853515625,36.927154541015625,0.9796809554100037
,0.0001,13,,,,,,,,
1,,19,5.350790500640869,4.999583721160889,5.70199728012085,0.09338891506195068,,,,
1,,25,,,,,32.003746032714844,49.336761474609375,14.670724868774414,0.5585708022117615
,0.0001,26,,,,,,,,
2,,29,5.374700546264648,4.795847415924072,5.953553199768066,0.09380622953176498,,,,
2,,38,,,,,44.37049865722656,67.02906036376953,21.71194076538086,0.7744113206863403
,0.0001,39,,,,,,,,
3,,39,4.7337117195129395,3.202380418777466,6.265042781829834,0.08261885493993759,,,,
3,,49,5.188331604003906,4.771214962005615,5.605447769165039,0.09055347740650177,,,,
3,,51,,,,,39.30120086669922,48.28492736816406,30.317476272583008,0.685935378074646
,0.0001,52,,,,,,,,
4,,59,4.161941051483154,3.436861515045166,4.887020587921143,0.0726395770907402,,,,
4,,64,,,,,26.931686401367188,33.09504318237305,20.768329620361328,0.47004660964012146
,0.0001,65,,,,,,,,
5,,69,3.2349705696105957,3.538078546524048,2.9318625926971436,0.05646089091897011,,,,
5,,77,,,,,17.04491424560547,18.412527084350586,15.677297592163086,0.29748988151550293
,0.0001,78,,,,,,,,
6,,79,3.090660572052002,3.1875126361846924,2.9938085079193115,0.053942203521728516,,,,
6,,89,4.009775638580322,4.204349994659424,3.8152015209198,0.06998378783464432,,,,
6,,90,,,,,17.277931213378906,14.304455757141113,20.25140953063965,0.3015568256378174
,0.0001,91,,,,,,,,
7,,99,3.9837353229522705,4.986928462982178,2.9805426597595215,0.06952930241823196,,,,
7,,103,,,,,12.60290241241455,8.704032897949219,16.501771926879883,0.21996216475963593
,0.0001,104,,,,,,,,
8,,109,3.46500301361084,2.3016014099121094,4.6284050941467285,0.06047571450471878,,,,
8,,116,,,,,9.984492301940918,7.100718975067139,12.868264198303223,0.17426227033138275
,0.0001,117,,,,,,,,
9,,119,4.052399158477783,3.499215602874756,4.605582237243652,0.07072771340608597,,,,
9,,129,4.448422431945801,5.002531051635742,3.8943140506744385,0.0776396244764328,,,,
9,,129,,,,,4.9979166984558105,4.743303298950195,5.2525315284729,0.08723010867834091
,0.0001,130,,,,,,,,
10,,139,3.879336357116699,2.882446527481079,4.87622594833374,0.06770719587802887,,,,
10,,142,,,,,4.138983249664307,4.3980278968811035,3.8799383640289307,0.07223888486623764
,0.0001,143,,,,,,,,
11,,149,2.996948480606079,2.573493242263794,3.4204037189483643,0.05230661854147911,,,,
11,,155,,,,,6.899266242980957,5.469580173492432,8.328951835632324,0.12041490525007248
,0.0001,156,,,,,,,,
12,,159,2.6992690563201904,2.176069736480713,3.222468614578247,0.047111134976148605,,,,
12,,168,,,,,11.139267921447754,8.023582458496094,14.254949569702148,0.19441688060760498
,0.0001,169,,,,,,,,
13,,169,4.456596374511719,4.2579874992370605,4.655205726623535,0.0777822881937027,,,,
13,,179,3.786978006362915,3.183150053024292,4.390804767608643,0.06609523296356201,,,,
13,,181,,,,,3.8461687564849854,3.790163278579712,3.902174472808838,0.06712830811738968
,0.0001,182,,,,,,,,
14,,189,4.209156036376953,3.6707651615142822,4.747547626495361,0.07346363365650177,,,,
14,,194,,,,,8.247036933898926,7.127648830413818,9.366423606872559,0.14393794536590576
,0.0001,195,,,,,,,,
15,,199,3.734926700592041,2.4999184608459473,4.969935417175293,0.0651867687702179,,,,
15,,207,,,,,16.327129364013672,14.948944091796875,17.705318450927734,0.2849622070789337
,0.0001,208,,,,,,,,
16,,209,4.327423572540283,3.1886215209960938,5.466225624084473,0.07552779465913773,,,,
16,,219,2.9853451251983643,3.1195943355560303,2.85109543800354,0.052104100584983826,,,,
16,,220,,,,,3.5232837200164795,2.547929525375366,4.4986371994018555,0.06149290129542351
,0.0001,221,,,,,,,,
17,,229,3.6562066078186035,3.6525731086730957,3.6598398685455322,0.06381284445524216,,,,
17,,233,,,,,7.146905422210693,3.8897042274475098,10.404106140136719,0.12473703175783157
,0.0001,234,,,,,,,,
18,,239,3.3545966148376465,4.295523643493652,2.4136688709259033,0.05854875594377518,,,,
18,,246,,,,,3.119433641433716,2.3683197498321533,3.8705480098724365,0.05444439500570297
,0.0001,247,,,,,,,,
19,,249,2.8427436351776123,1.843620777130127,3.8418667316436768,0.04961524158716202,,,,
19,,259,2.188373565673828,2.4844019412994385,1.8923453092575073,0.03819432482123375,,,,
19,,259,,,,,5.66482400894165,4.297924995422363,7.031723499298096,0.09886984527111053
,0.0001,260,,,,,,,,
20,,269,2.7651114463806152,1.515524983406067,4.014698028564453,0.04826030135154724,,,,
20,,272,,,,,3.6347179412841797,2.8344998359680176,4.434936046600342,0.0634378045797348
,0.0001,273,,,,,,,,
21,,279,3.8206777572631836,3.9630463123321533,3.678309917449951,0.06668341159820557,,,,
21,,285,,,,,5.974729537963867,7.063195705413818,4.886263847351074,0.10427870601415634
,0.0001,286,,,,,,,,
22,,289,2.688251256942749,2.923771381378174,2.4527313709259033,0.0469188392162323,,,,
22,,298,,,,,3.2750051021575928,2.226396083831787,4.32361364364624,0.05715962499380112
,0.0001,299,,,,,,,,
23,,299,2.7714314460754395,2.5445799827575684,2.998283624649048,0.0483706071972847,,,,
23,,309,2.4546868801116943,1.6943359375,3.2150375843048096,0.04284236952662468,,,,
23,,311,,,,,18.730823516845703,18.5722599029541,18.88938331604004,0.326914519071579
,0.0001,312,,,,,,,,
24,,319,3.018339157104492,2.6339943408966064,3.402683734893799,0.05267995595932007,,,,
24,,324,,,,,8.170162200927734,5.111544609069824,11.228780746459961,0.14259624481201172
,0.0001,325,,,,,,,,
25,,329,2.2966532707214355,1.3563815355300903,3.2369251251220703,0.04008416458964348,,,,
25,,337,,,,,3.920870304107666,2.028521776199341,5.81321907043457,0.06843210011720657
,0.0001,338,,,,,,,,
26,,339,3.3160831928253174,1.9988737106323242,4.633292198181152,0.057876572012901306,,,,
26,,349,3.869737386703491,2.4541563987731934,5.285318374633789,0.06753966212272644,,,,
26,,350,,,,,7.795013904571533,6.780046463012695,8.809980392456055,0.13604864478111267
,0.0001,351,,,,,,,,
27,,359,2.3867745399475098,1.4604771137237549,3.3130719661712646,0.04165707528591156,,,,
27,,363,,,,,11.549882888793945,11.94192886352539,11.15783405303955,0.20158350467681885
,0.0001,364,,,,,,,,
28,,369,3.0896286964416504,2.488881826400757,3.690375328063965,0.05392419546842575,,,,
28,,376,,,,,45.31617736816406,56.917579650878906,33.71477508544922,0.7909165024757385
,0.0001,377,,,,,,,,
29,,379,2.506929397583008,1.9659912586212158,3.047868013381958,0.043754175305366516,,,,
29,,389,2.975705146789551,2.7748501300811768,3.1765599250793457,0.05193585157394409,,,,
29,,389,,,,,15.400406837463379,13.394471168518066,17.406343460083008,0.26878780126571655
,0.0001,390,,,,,,,,
30,,399,2.785470962524414,1.7119477987289429,3.858994483947754,0.04861564189195633,,,,
30,,402,,,,,22.347455978393555,18.269712448120117,26.42519760131836,0.3900367319583893
,0.0001,403,,,,,,,,
31,,409,2.404884099960327,1.2130696773529053,3.596698522567749,0.04197314754128456,,,,
31,,415,,,,,9.442665100097656,9.487432479858398,9.397897720336914,0.16480562090873718
,0.0001,416,,,,,,,,
32,,419,3.288780927658081,3.5280072689056396,3.0495545864105225,0.05740005522966385,,,,
32,,428,,,,,3.1026036739349365,2.0530788898468018,4.152128219604492,0.05415065214037895
,0.0001,429,,,,,,,,
33,,429,2.477170705795288,2.3588032722473145,2.59553861618042,0.04323478788137436,,,,
33,,439,4.316925048828125,4.27802038192749,4.35582971572876,0.07534456253051758,,,,
33,,441,,,,,6.468825817108154,5.144445896148682,7.793206214904785,0.11290230602025986
,0.0001,442,,,,,,,,
34,,449,3.187359571456909,2.587266206741333,3.7874529361724854,0.0556299202144146,,,,
34,,454,,,,,12.829298973083496,13.226914405822754,12.431683540344238,0.2239135354757309
,0.0001,455,,,,,,,,
35,,459,2.7768666744232178,1.907153606414795,3.6465799808502197,0.04846546798944473,,,,
35,,467,,,,,4.229169845581055,3.7977077960968018,4.66063117980957,0.07381293922662735
,0.0001,468,,,,,,,,
36,,469,2.718380928039551,2.4352023601531982,3.0015599727630615,0.047444697469472885,,,,
36,,479,2.963463544845581,2.2022032737731934,3.724724531173706,0.051722198724746704,,,,
36,,480,,,,,3.7606124877929688,3.5254693031311035,3.995755910873413,0.0656350702047348
,0.0001,481,,,,,,,,
37,,489,2.3716607093811035,1.8403887748718262,2.9029319286346436,0.04139328747987747,,,,
37,,493,,,,,2.7833282947540283,2.2782745361328125,3.288381576538086,0.04857823997735977
,0.0001,494,,,,,,,,
38,,499,1.6218563318252563,1.2648952007293701,1.978817105293274,0.028306731954216957,,,,
38,,506,,,,,17.930818557739258,17.4328670501709,18.428773880004883,0.31295183300971985
,0.0001,507,,,,,,,,
39,,509,2.630033254623413,2.5987658500671387,2.6613004207611084,0.045902740210294724,,,,
39,,519,3.660881280899048,1.7898486852645874,5.531914710998535,0.06389443576335907,,,,
39,,519,,,,,2.3455748558044434,1.7453796863555908,2.945770025253296,0.04093800485134125
,0.0001,520,,,,,,,,
40,,529,2.60398530960083,2.0395491123199463,3.168421506881714,0.04544811695814133,,,,
40,,532,,,,,2.52313494682312,2.2934436798095703,2.75282621383667,0.04403701424598694
,0.0001,533,,,,,,,,
41,,539,2.1876869201660156,1.5158876180648804,2.8594861030578613,0.0381823405623436,,,,
41,,545,,,,,2.6193137168884277,2.707972764968872,2.530654191970825,0.04571565240621567
,0.0001,546,,,,,,,,
42,,549,2.8435630798339844,3.3169822692871094,2.3701438903808594,0.049629539251327515,,,,
42,,558,,,,,3.484689235687256,3.8715925216674805,3.0977861881256104,0.06081930547952652
,0.0001,559,,,,,,,,
43,,559,2.3003337383270264,2.0529823303222656,2.5476856231689453,0.04014839977025986,,,,
43,,569,2.429955244064331,1.963681936264038,2.8962290287017822,0.042410723865032196,,,,
43,,571,,,,,8.031054496765137,8.281830787658691,7.780277729034424,0.14016835391521454
,0.0001,572,,,,,,,,
44,,579,3.0346951484680176,1.9613356590270996,4.108054161071777,0.052965421229600906,,,,
44,,584,,,,,21.407272338867188,23.440052032470703,19.374494552612305,0.3736274242401123
,0.0001,585,,,,,,,,
45,,589,2.3853957653045654,2.4654431343078613,2.3053481578826904,0.041633009910583496,,,,
45,,597,,,,,3.2271533012390137,3.4706108570098877,2.9836957454681396,0.05632445216178894
,0.0001,598,,,,,,,,
46,,599,4.851898193359375,5.283192157745361,4.4206037521362305,0.08468160033226013,,,,
46,,609,2.306575059890747,1.625939965248108,2.9872100353240967,0.04025733098387718,,,,
46,,610,,,,,6.278954029083252,3.89901065826416,8.658896446228027,0.10958842188119888
,0.0001,611,,,,,,,,
47,,619,2.6783790588378906,2.8581225872039795,2.4986355304718018,0.04674653708934784,,,,
47,,623,,,,,9.883502960205078,7.9489216804504395,11.818083763122559,0.1724996715784073
,0.0001,624,,,,,,,,
48,,629,2.3198156356811523,2.1077663898468018,2.5318644046783447,0.04048842191696167,,,,
48,,636,,,,,17.255197525024414,14.515876770019531,19.994518280029297,0.3011600375175476
,0.0001,637,,,,,,,,
49,,639,2.728670597076416,2.026207685470581,3.4311330318450928,0.04762428626418114,,,,
49,,649,3.9045183658599854,2.9440667629241943,4.864969730377197,0.0681467056274414,,,,
49,,649,,,,,10.1600923538208,9.284468650817871,11.035717964172363,0.17732708156108856
