epoch,lr-Adam,step,train/geodesic_deg,train/loss,val/geodesic_deg,val/loss
,0.0001,0,,,,
0,,9,6.575135707855225,0.11494114995002747,,
0,,19,8.332842826843262,0.14561718702316284,,
0,,24,,,46.47907638549805,0.8112130165100098
,0.0001,25,,,,
1,,29,2.556708812713623,0.0448102243244648,,
1,,39,6.822452068328857,0.11926756799221039,,
1,,49,4.3100762367248535,0.07540872693061829,,
1,,49,,,30.89404296875,0.5392028093338013
,0.0001,50,,,,
2,,59,4.85475492477417,0.08492108434438705,,
2,,69,2.2377657890319824,0.03924382105469704,,
2,,74,,,19.672040939331055,0.3433419167995453
,0.0001,75,,,,
3,,79,2.8649237155914307,0.050191059708595276,,
3,,89,3.8896195888519287,0.06807724386453629,,
3,,99,4.225299835205078,0.07393046468496323,,
3,,99,,,16.28180694580078,0.28417113423347473
,0.0001,100,,,,
4,,109,2.492555618286133,0.043689653277397156,,
4,,119,2.179644823074341,0.03822939097881317,,
4,,124,,,1.647944688796997,0.028762061148881912
,0.0001,125,,,,
5,,129,2.8773138523101807,0.05040571838617325,,
5,,139,1.6498817205429077,0.028982441872358322,,
5,,149,2.925283432006836,0.051243335008621216,,
5,,149,,,5.7958478927612305,0.10115663707256317
,0.0001,150,,,,
6,,159,3.43790340423584,0.06018644943833351,,
6,,169,3.506929874420166,0.0613911934196949,,
6,,174,,,6.298332691192627,0.10992663353681564
,0.0001,175,,,,
7,,179,1.5326508283615112,0.026937775313854218,,
7,,189,2.1758482456207275,0.03816629573702812,,
7,,199,2.012608289718628,0.03531363233923912,,
7,,199,,,2.316061496734619,0.04042289778590202
,0.0001,200,,,,
8,,209,2.858987808227539,0.0500871017575264,,
8,,219,3.326632499694824,0.05824688822031021,,
8,,224,,,3.662552833557129,0.06392360478639603
,0.0001,225,,,,
9,,229,1.667049527168274,0.029283467680215836,,
9,,239,1.0153374671936035,0.017905617132782936,,
9,,249,2.4019076824188232,0.04210985451936722,,
9,,249,,,2.9660284519195557,0.05176696181297302
,0.0001,250,,,,
10,,259,2.3887109756469727,0.04188156500458717,,
10,,269,2.6996920108795166,0.04730495065450668,,
10,,274,,,2.559244155883789,0.044667232781648636
,0.0001,275,,,,
11,,279,4.179617881774902,0.07313733547925949,,
11,,289,1.7349145412445068,0.030467119067907333,,
11,,299,2.0660312175750732,0.0362452007830143,,
11,,299,,,4.123669624328613,0.07197161018848419
,0.0001,300,,,,
12,,309,3.870265007019043,0.06773663312196732,,
12,,319,1.951869249343872,0.034257300198078156,,
12,,324,,,4.3906474113464355,0.07663126289844513
,0.0001,325,,,,
13,,329,2.361119508743286,0.041397180408239365,,
13,,339,2.3020942211151123,0.04036622866988182,,
13,,349,1.1910300254821777,0.02097528800368309,,
13,,349,,,3.3933823108673096,0.059225693345069885
,0.0001,350,,,,
14,,359,1.659299373626709,0.029148895293474197,,
14,,369,1.8363752365112305,0.03224104270339012,,
14,,374,,,7.6034836769104,0.13270583748817444
,0.0001,375,,,,
15,,379,1.410375714302063,0.024806423112750053,,
15,,389,4.019229888916016,0.07033556699752808,,
15,,399,2.74849796295166,0.0481574647128582,,
15,,399,,,3.635378360748291,0.06344932317733765
,0.0001,400,,,,
16,,409,1.2220797538757324,0.021516278386116028,,
16,,419,2.9281201362609863,0.05129619315266609,,
16,,424,,,2.9007580280303955,0.050627779215574265
,0.0001,425,,,,
17,,429,1.6628690958023071,0.029214801266789436,,
17,,439,2.1958608627319336,0.03851441666483879,,
17,,449,0.6155896782875061,0.010931391268968582,,
17,,449,,,3.4103479385375977,0.05952179804444313
,0.0001,450,,,,
18,,459,2.2193028926849365,0.038921721279621124,,
18,,469,1.8551403284072876,0.03256922587752342,,
18,,474,,,2.959660530090332,0.05165582150220871
,0.0001,475,,,,
19,,479,1.8120405673980713,0.03181471675634384,,
19,,489,3.757059335708618,0.0657639130949974,,
19,,499,1.1762973070144653,0.02071707509458065,,
19,,499,,,2.734149694442749,0.04771991819143295
,0.0001,500,,,,
20,,509,2.509809732437134,0.04399310424923897,,
20,,519,1.397775650024414,0.024582546204328537,,
20,,524,,,2.3974220752716064,0.04184291511774063
,0.0001,525,,,,
21,,529,1.1925328969955444,0.02100207842886448,,
21,,539,2.676163673400879,0.04689279943704605,,
21,,549,0.9219909310340881,0.016281429678201675,,
21,,549,,,1.9964730739593506,0.034845031797885895
,0.0001,550,,,,
22,,559,0.9955542087554932,0.017561795189976692,,
22,,569,1.278778076171875,0.02250748500227928,,
22,,574,,,5.6369948387146,0.09838411957025528
,0.0001,575,,,,
23,,579,2.0986311435699463,0.03681965544819832,,
23,,589,1.9118666648864746,0.033555202186107635,,
23,,599,1.7520211935043335,0.03076392225921154,,
23,,599,,,4.121801853179932,0.07193901389837265
,0.0001,600,,,,
24,,609,3.1051266193389893,0.05437946319580078,,
24,,619,1.2331150770187378,0.02171250432729721,,
24,,624,,,2.474639892578125,0.043190617114305496
,0.0001,625,,,,
25,,629,1.357201337814331,0.023874850943684578,,
25,,639,1.1735297441482544,0.020669348537921906,,
25,,649,0.6364156603813171,0.011297136545181274,,
25,,649,,,3.472421646118164,0.06060519069433212
,0.0001,650,,,,
26,,659,1.4235175848007202,0.02503149025142193,,
26,,669,1.4253689050674438,0.025068754330277443,,
26,,674,,,12.608305931091309,0.2200564593076706
,0.0001,675,,,,
27,,679,1.8797889947891235,0.03299592062830925,,
27,,689,2.601287841796875,0.045587655156850815,,
27,,699,1.208073616027832,0.021269259974360466,,
27,,699,,,1.8581489324569702,0.03243082016706467
,0.0001,700,,,,
28,,709,4.227086067199707,0.07396591454744339,,
28,,719,2.3764607906341553,0.04166753962635994,,
28,,724,,,13.081046104431152,0.22830736637115479
,0.0001,725,,,,
29,,729,1.8632265329360962,0.032705552875995636,,
29,,739,2.022832155227661,0.03549250215291977,,
29,,749,2.166473388671875,0.038000114262104034,,
29,,749,,,6.416839122772217,0.11199495941400528
,0.0001,750,,,,
30,,759,1.3647977113723755,0.024010084569454193,,
30,,769,1.891883373260498,0.03320908546447754,,
30,,774,,,9.162405967712402,0.15991416573524475
,0.0001,775,,,,
31,,779,0.9543907642364502,0.016841981559991837,,
31,,789,2.1085612773895264,0.036985211074352264,,
31,,799,1.9036945104599,0.03341428562998772,,
31,,799,,,2.0793442726135254,0.03629140555858612
,0.0001,800,,,,
32,,809,2.119054079055786,0.03716985508799553,,
32,,819,1.394484043121338,0.024528367444872856,,
32,,824,,,1.9081475734710693,0.03330346196889877
,0.0001,825,,,,
33,,829,1.8324662446975708,0.03216568008065224,,
33,,839,1.0048763751983643,0.017728280276060104,,
33,,849,1.7931793928146362,0.03148259222507477,,
33,,849,,,1.7784662246704102,0.031040091067552567
,0.0001,850,,,,
34,,859,1.6853053569793701,0.029605180025100708,,
34,,869,0.9262655973434448,0.01635301299393177,,
34,,874,,,6.475531101226807,0.11301933974027634
,0.0001,875,,,,
35,,879,1.4020029306411743,0.024655643850564957,,
35,,889,1.0164762735366821,0.017928801476955414,,
35,,899,1.4493037462234497,0.025483399629592896,,
35,,899,,,16.352642059326172,0.28540751338005066
,0.0001,900,,,,
36,,909,2.330493450164795,0.040863435715436935,,
36,,919,2.2650256156921387,0.03972306475043297,,
36,,924,,,1.500931739807129,0.026196200400590897
,0.0001,925,,,,
37,,929,1.6418884992599487,0.028842953965067863,,
37,,939,1.3333019018173218,0.02345682494342327,,
37,,949,1.5291078090667725,0.02687632106244564,,
37,,949,,,2.303656578063965,0.04020639881491661
,0.0001,950,,,,
38,,959,0.40961194038391113,0.007337885443121195,,
38,,969,2.5557782649993896,0.044798269867897034,,
38,,974,,,5.743195056915283,0.10023766756057739
,0.0001,975,,,,
39,,979,2.255887985229492,0.039559632539749146,,
39,,989,3.2354025840759277,0.0566609725356102,,
39,,999,2.407729387283325,0.04220762848854065,,
39,,999,,,4.297617435455322,0.07500758022069931
,0.0001,1000,,,,
40,,1009,1.8643330335617065,0.03272242099046707,,
40,,1019,1.2823617458343506,0.02256503701210022,,
40,,1024,,,6.744671821594238,0.1177167221903801
,0.0001,1025,,,,
41,,1029,1.073801040649414,0.018929708749055862,,
41,,1039,1.2630457878112793,0.02223455347120762,,
41,,1049,1.1250697374343872,0.019825370982289314,,
41,,1049,,,10.16556453704834,0.17742258310317993
,0.0001,1050,,,,
42,,1059,1.0463387966156006,0.018450452014803886,,
42,,1069,0.8446457982063293,0.014931082725524902,,
42,,1074,,,7.553488731384277,0.1318332552909851
,0.0001,1075,,,,
43,,1079,1.5089646577835083,0.026523901149630547,,
43,,1089,1.3314565420150757,0.02342536859214306,,
43,,1099,2.351633071899414,0.04123014584183693,,
43,,1099,,,4.700465202331543,0.08203860372304916
,0.0001,1100,,,,
44,,1109,0.7094082832336426,0.012568257749080658,,
44,,1119,1.2697417736053467,0.022350400686264038,,
44,,1124,,,2.4595720767974854,0.04292762652039528
,0.0001,1125,,,,
45,,1129,1.8578734397888184,0.032614029943943024,,
45,,1139,1.2268527746200562,0.021600252017378807,,
45,,1149,1.0905762910842896,0.0192221999168396,,
45,,1149,,,4.68248987197876,0.0817248746752739
,0.0001,1150,,,,
46,,1159,1.5347551107406616,0.026974497362971306,,
46,,1169,1.3649502992630005,0.02401302009820938,,
46,,1174,,,1.6456365585327148,0.028721777722239494
,0.0001,1175,,,,
47,,1179,1.4582699537277222,0.02564059942960739,,
47,,1189,1.919904112815857,0.03369561955332756,,
47,,1199,2.0317466259002686,0.03564714640378952,,
47,,1199,,,8.2614164352417,0.14418892562389374
,0.0001,1200,,,,
48,,1209,1.0205144882202148,0.018003128468990326,,
48,,1219,1.527483582496643,0.026846664026379585,,
48,,1224,,,2.522726535797119,0.04402988404035568
,0.0001,1225,,,,
49,,1229,0.9208001494407654,0.016256151720881462,,
49,,1239,1.062588095664978,0.018735073506832123,,
49,,1249,0.7797089219093323,0.013795009814202785,,
49,,1249,,,1.6296159029006958,0.02844216302037239
